title,link,price,rating,reviews
,https://www.amazon.com/s?k=ipad&crid=1ZY02724OXD57&sprefix=ipad%2Caps%2C432&ref=nb_sb_noss_1,$299.00,4.8 out of 5 stars,
,https://www.amazon.com/s?k=ipad&crid=1ZY02724OXD57&sprefix=ipad%2Caps%2C432&ref=nb_sb_noss_1,$449.00,4.8 out of 5 stars,
,https://www.amazon.com/s?k=ipad&crid=1ZY02724OXD57&sprefix=ipad%2Caps%2C432&ref=nb_sb_noss_1,,,
,https://www.amazon.com/s?k=ipad&crid=1ZY02724OXD57&sprefix=ipad%2Caps%2C432&ref=nb_sb_noss_1,"$1,099.00",4.8 out of 5 stars,
,https://www.amazon.com/s?k=ipad&crid=1ZY02724OXD57&sprefix=ipad%2Caps%2C432&ref=nb_sb_noss_1,"$1,699.00",4.7 out of 5 stars,
,https://www.amazon.com/s?k=ipad&crid=1ZY02724OXD57&sprefix=ipad%2Caps%2C432&ref=nb_sb_noss_1,$649.00,4.8 out of 5 stars,
,https://www.amazon.com/s?k=ipad&crid=1ZY02724OXD57&sprefix=ipad%2Caps%2C432&ref=nb_sb_noss_1,$739.97,,
,https://www.amazon.com/s?k=ipad&crid=1ZY02724OXD57&sprefix=ipad%2Caps%2C432&ref=nb_sb_noss_1,$129.99,4.4 out of 5 stars,
,https://www.amazon.com/s?k=ipad&crid=1ZY02724OXD57&sprefix=ipad%2Caps%2C432&ref=nb_sb_noss_1,$399.00,4.7 out of 5 stars,
,https://www.amazon.com/s?k=ipad&crid=1ZY02724OXD57&sprefix=ipad%2Caps%2C432&ref=nb_sb_noss_1,$177.00,4.4 out of 5 stars,
,https://www.amazon.com/s?k=ipad&crid=1ZY02724OXD57&sprefix=ipad%2Caps%2C432&ref=nb_sb_noss_1,"$1,099.00",4.7 out of 5 stars,
,https://www.amazon.com/s?k=ipad&crid=1ZY02724OXD57&sprefix=ipad%2Caps%2C432&ref=nb_sb_noss_1,"$1,499.00",4.5 out of 5 stars,
,https://www.amazon.com/s?k=ipad&crid=1ZY02724OXD57&sprefix=ipad%2Caps%2C432&ref=nb_sb_noss_1,"$2,434.00",4.5 out of 5 stars,
,https://www.amazon.com/s?k=ipad&crid=1ZY02724OXD57&sprefix=ipad%2Caps%2C432&ref=nb_sb_noss_1,"$1,699.00",4.5 out of 5 stars,
,https://www.amazon.com/s?k=ipad&crid=1ZY02724OXD57&sprefix=ipad%2Caps%2C432&ref=nb_sb_noss_1,"$1,599.00",4.7 out of 5 stars,
,https://www.amazon.com/s?k=ipad&crid=1ZY02724OXD57&sprefix=ipad%2Caps%2C432&ref=nb_sb_noss_1,$85.00,4.5 out of 5 stars,
,https://www.amazon.com/s?k=ipad&page=2&xpid=XMHlTO4ge5Qxp&crid=1ZY02724OXD57&qid=1758462604&sprefix=ipad%2Caps%2C432&ref=sr_pg_1,$17.99,4.4 out of 5 stars,
,https://www.amazon.com/s?k=ipad&page=2&xpid=XMHlTO4ge5Qxp&crid=1ZY02724OXD57&qid=1758462604&sprefix=ipad%2Caps%2C432&ref=sr_pg_1,$69.99,4.8 out of 5 stars,
,https://www.amazon.com/s?k=ipad&page=2&xpid=XMHlTO4ge5Qxp&crid=1ZY02724OXD57&qid=1758462604&sprefix=ipad%2Caps%2C432&ref=sr_pg_1,$162.00,4.3 out of 5 stars,
,https://www.amazon.com/s?k=ipad&page=2&xpid=XMHlTO4ge5Qxp&crid=1ZY02724OXD57&qid=1758462604&sprefix=ipad%2Caps%2C432&ref=sr_pg_1,"$1,899.00",5.0 out of 5 stars,
,https://www.amazon.com/s?k=ipad&page=2&xpid=XMHlTO4ge5Qxp&crid=1ZY02724OXD57&qid=1758462604&sprefix=ipad%2Caps%2C432&ref=sr_pg_1,$339.99,5.0 out of 5 stars,
,https://www.amazon.com/s?k=ipad&page=2&xpid=XMHlTO4ge5Qxp&crid=1ZY02724OXD57&qid=1758462604&sprefix=ipad%2Caps%2C432&ref=sr_pg_1,$359.25,4.3 out of 5 stars,
,https://www.amazon.com/s?k=ipad&page=2&xpid=XMHlTO4ge5Qxp&crid=1ZY02724OXD57&qid=1758462604&sprefix=ipad%2Caps%2C432&ref=sr_pg_1,$274.00,4.6 out of 5 stars,
,https://www.amazon.com/s?k=ipad&page=2&xpid=XMHlTO4ge5Qxp&crid=1ZY02724OXD57&qid=1758462604&sprefix=ipad%2Caps%2C432&ref=sr_pg_1,"$2,599.00",4.8 out of 5 stars,
,https://www.amazon.com/s?k=ipad&page=2&xpid=XMHlTO4ge5Qxp&crid=1ZY02724OXD57&qid=1758462604&sprefix=ipad%2Caps%2C432&ref=sr_pg_1,$399.33,4.8 out of 5 stars,
,https://www.amazon.com/s?k=ipad&page=2&xpid=XMHlTO4ge5Qxp&crid=1ZY02724OXD57&qid=1758462604&sprefix=ipad%2Caps%2C432&ref=sr_pg_1,$199.00,4.4 out of 5 stars,
,https://www.amazon.com/s?k=ipad&page=2&xpid=XMHlTO4ge5Qxp&crid=1ZY02724OXD57&qid=1758462604&sprefix=ipad%2Caps%2C432&ref=sr_pg_1,$114.99,4.4 out of 5 stars,
,https://www.amazon.com/s?k=ipad&page=2&xpid=XMHlTO4ge5Qxp&crid=1ZY02724OXD57&qid=1758462604&sprefix=ipad%2Caps%2C432&ref=sr_pg_1,$101.98,4.4 out of 5 stars,
,https://www.amazon.com/s?k=ipad&page=2&xpid=XMHlTO4ge5Qxp&crid=1ZY02724OXD57&qid=1758462604&sprefix=ipad%2Caps%2C432&ref=sr_pg_1,$129.34,4.4 out of 5 stars,
,https://www.amazon.com/s?k=ipad&page=2&xpid=XMHlTO4ge5Qxp&crid=1ZY02724OXD57&qid=1758462604&sprefix=ipad%2Caps%2C432&ref=sr_pg_1,"$2,149.00",4.2 out of 5 stars,
,https://www.amazon.com/s?k=ipad&page=2&xpid=XMHlTO4ge5Qxp&crid=1ZY02724OXD57&qid=1758462604&sprefix=ipad%2Caps%2C432&ref=sr_pg_1,$89.99,4.5 out of 5 stars,
,https://www.amazon.com/s?k=ipad&page=2&xpid=XMHlTO4ge5Qxp&crid=1ZY02724OXD57&qid=1758462604&sprefix=ipad%2Caps%2C432&ref=sr_pg_1,$519.00,4.4 out of 5 stars,
,https://www.amazon.com/s?k=ipad&page=2&xpid=XMHlTO4ge5Qxp&crid=1ZY02724OXD57&qid=1758462604&sprefix=ipad%2Caps%2C432&ref=sr_pg_1,$279.00,4.2 out of 5 stars,
,https://www.amazon.com/s?k=ipad&page=2&xpid=XMHlTO4ge5Qxp&crid=1ZY02724OXD57&qid=1758462604&sprefix=ipad%2Caps%2C432&ref=sr_pg_1,$429.94,4.3 out of 5 stars,
,https://www.amazon.com/s?k=ipad&page=3&crid=1ZY02724OXD57&qid=1758462610&sprefix=ipad%2Caps%2C432&xpid=XMHlTO4ge5Qxp&ref=sr_pg_2,$274.99,4.2 out of 5 stars,
,https://www.amazon.com/s?k=ipad&page=3&crid=1ZY02724OXD57&qid=1758462610&sprefix=ipad%2Caps%2C432&xpid=XMHlTO4ge5Qxp&ref=sr_pg_2,$610.00,5.0 out of 5 stars,
,https://www.amazon.com/s?k=ipad&page=3&crid=1ZY02724OXD57&qid=1758462610&sprefix=ipad%2Caps%2C432&xpid=XMHlTO4ge5Qxp&ref=sr_pg_2,$94.99,4.4 out of 5 stars,
,https://www.amazon.com/s?k=ipad&page=3&crid=1ZY02724OXD57&qid=1758462610&sprefix=ipad%2Caps%2C432&xpid=XMHlTO4ge5Qxp&ref=sr_pg_2,$389.94,4.4 out of 5 stars,
,https://www.amazon.com/s?k=ipad&page=3&crid=1ZY02724OXD57&qid=1758462610&sprefix=ipad%2Caps%2C432&xpid=XMHlTO4ge5Qxp&ref=sr_pg_2,$414.95,4.5 out of 5 stars,
,https://www.amazon.com/s?k=ipad&page=3&crid=1ZY02724OXD57&qid=1758462610&sprefix=ipad%2Caps%2C432&xpid=XMHlTO4ge5Qxp&ref=sr_pg_2,$101.00,4.3 out of 5 stars,
,https://www.amazon.com/s?k=ipad&page=3&crid=1ZY02724OXD57&qid=1758462610&sprefix=ipad%2Caps%2C432&xpid=XMHlTO4ge5Qxp&ref=sr_pg_2,$275.00,4.3 out of 5 stars,
,https://www.amazon.com/s?k=ipad&page=3&crid=1ZY02724OXD57&qid=1758462610&sprefix=ipad%2Caps%2C432&xpid=XMHlTO4ge5Qxp&ref=sr_pg_2,"$1,099.00",4.7 out of 5 stars,
,https://www.amazon.com/s?k=ipad&page=3&crid=1ZY02724OXD57&qid=1758462610&sprefix=ipad%2Caps%2C432&xpid=XMHlTO4ge5Qxp&ref=sr_pg_2,$91.49,4.4 out of 5 stars,
,https://www.amazon.com/s?k=ipad&page=3&crid=1ZY02724OXD57&qid=1758462610&sprefix=ipad%2Caps%2C432&xpid=XMHlTO4ge5Qxp&ref=sr_pg_2,$339.00,4.4 out of 5 stars,
,https://www.amazon.com/s?k=ipad&page=3&crid=1ZY02724OXD57&qid=1758462610&sprefix=ipad%2Caps%2C432&xpid=XMHlTO4ge5Qxp&ref=sr_pg_2,$92.00,4.2 out of 5 stars,
,https://www.amazon.com/s?k=ipad&page=3&crid=1ZY02724OXD57&qid=1758462610&sprefix=ipad%2Caps%2C432&xpid=XMHlTO4ge5Qxp&ref=sr_pg_2,$382.35,5.0 out of 5 stars,
,https://www.amazon.com/s?k=ipad&page=3&crid=1ZY02724OXD57&qid=1758462610&sprefix=ipad%2Caps%2C432&xpid=XMHlTO4ge5Qxp&ref=sr_pg_2,$163.00,4.4 out of 5 stars,
,https://www.amazon.com/s?k=ipad&page=3&crid=1ZY02724OXD57&qid=1758462610&sprefix=ipad%2Caps%2C432&xpid=XMHlTO4ge5Qxp&ref=sr_pg_2,"$1,399.85",4.7 out of 5 stars,
,https://www.amazon.com/s?k=ipad&page=3&crid=1ZY02724OXD57&qid=1758462610&sprefix=ipad%2Caps%2C432&xpid=XMHlTO4ge5Qxp&ref=sr_pg_2,,2.9 out of 5 stars,
,https://www.amazon.com/s?k=ipad&page=3&crid=1ZY02724OXD57&qid=1758462610&sprefix=ipad%2Caps%2C432&xpid=XMHlTO4ge5Qxp&ref=sr_pg_2,$199.00,4.4 out of 5 stars,
,https://www.amazon.com/s?k=ipad&page=4&crid=1ZY02724OXD57&qid=1758462615&sprefix=ipad%2Caps%2C432&xpid=XMHlTO4ge5Qxp&ref=sr_pg_3,,4.8 out of 5 stars,
,https://www.amazon.com/s?k=ipad&page=4&crid=1ZY02724OXD57&qid=1758462615&sprefix=ipad%2Caps%2C432&xpid=XMHlTO4ge5Qxp&ref=sr_pg_3,$74.99,4.1 out of 5 stars,
,https://www.amazon.com/s?k=ipad&page=4&crid=1ZY02724OXD57&qid=1758462615&sprefix=ipad%2Caps%2C432&xpid=XMHlTO4ge5Qxp&ref=sr_pg_3,"$1,879.00",4.8 out of 5 stars,
,https://www.amazon.com/s?k=ipad&page=4&crid=1ZY02724OXD57&qid=1758462615&sprefix=ipad%2Caps%2C432&xpid=XMHlTO4ge5Qxp&ref=sr_pg_3,$394.00,4.2 out of 5 stars,
,https://www.amazon.com/s?k=ipad&page=4&crid=1ZY02724OXD57&qid=1758462615&sprefix=ipad%2Caps%2C432&xpid=XMHlTO4ge5Qxp&ref=sr_pg_3,$145.00,4.4 out of 5 stars,
,https://www.amazon.com/s?k=ipad&page=4&crid=1ZY02724OXD57&qid=1758462615&sprefix=ipad%2Caps%2C432&xpid=XMHlTO4ge5Qxp&ref=sr_pg_3,$144.00,4.4 out of 5 stars,
,https://www.amazon.com/s?k=ipad&page=4&crid=1ZY02724OXD57&qid=1758462615&sprefix=ipad%2Caps%2C432&xpid=XMHlTO4ge5Qxp&ref=sr_pg_3,$289.00,4.1 out of 5 stars,
,https://www.amazon.com/s?k=ipad&page=4&crid=1ZY02724OXD57&qid=1758462615&sprefix=ipad%2Caps%2C432&xpid=XMHlTO4ge5Qxp&ref=sr_pg_3,$89.99,4.5 out of 5 stars,
,https://www.amazon.com/s?k=ipad&page=4&crid=1ZY02724OXD57&qid=1758462615&sprefix=ipad%2Caps%2C432&xpid=XMHlTO4ge5Qxp&ref=sr_pg_3,$349.00,4.3 out of 5 stars,
,https://www.amazon.com/s?k=ipad&page=4&crid=1ZY02724OXD57&qid=1758462615&sprefix=ipad%2Caps%2C432&xpid=XMHlTO4ge5Qxp&ref=sr_pg_3,$589.00,3.6 out of 5 stars,
,https://www.amazon.com/s?k=ipad&page=4&crid=1ZY02724OXD57&qid=1758462615&sprefix=ipad%2Caps%2C432&xpid=XMHlTO4ge5Qxp&ref=sr_pg_3,$95.99,4.4 out of 5 stars,
,https://www.amazon.com/s?k=ipad&page=4&crid=1ZY02724OXD57&qid=1758462615&sprefix=ipad%2Caps%2C432&xpid=XMHlTO4ge5Qxp&ref=sr_pg_3,$325.00,4.6 out of 5 stars,
,https://www.amazon.com/s?k=ipad&page=4&crid=1ZY02724OXD57&qid=1758462615&sprefix=ipad%2Caps%2C432&xpid=XMHlTO4ge5Qxp&ref=sr_pg_3,"$1,129.97",,
,https://www.amazon.com/s?k=ipad&page=4&crid=1ZY02724OXD57&qid=1758462615&sprefix=ipad%2Caps%2C432&xpid=XMHlTO4ge5Qxp&ref=sr_pg_3,$329.95,4.6 out of 5 stars,
,https://www.amazon.com/s?k=ipad&page=4&crid=1ZY02724OXD57&qid=1758462615&sprefix=ipad%2Caps%2C432&xpid=XMHlTO4ge5Qxp&ref=sr_pg_3,$189.00,4.6 out of 5 stars,
,https://www.amazon.com/s?k=ipad&page=4&crid=1ZY02724OXD57&qid=1758462615&sprefix=ipad%2Caps%2C432&xpid=XMHlTO4ge5Qxp&ref=sr_pg_3,"$1,649.00",4.7 out of 5 stars,
,https://www.amazon.com/s?k=ipad&page=5&crid=1ZY02724OXD57&qid=1758462621&sprefix=ipad%2Caps%2C432&xpid=XMHlTO4ge5Qxp&ref=sr_pg_4,$749.99,,
,https://www.amazon.com/s?k=ipad&page=5&crid=1ZY02724OXD57&qid=1758462621&sprefix=ipad%2Caps%2C432&xpid=XMHlTO4ge5Qxp&ref=sr_pg_4,$78.36,4.2 out of 5 stars,
,https://www.amazon.com/s?k=ipad&page=5&crid=1ZY02724OXD57&qid=1758462621&sprefix=ipad%2Caps%2C432&xpid=XMHlTO4ge5Qxp&ref=sr_pg_4,$119.88,4.5 out of 5 stars,
,https://www.amazon.com/s?k=ipad&page=5&crid=1ZY02724OXD57&qid=1758462621&sprefix=ipad%2Caps%2C432&xpid=XMHlTO4ge5Qxp&ref=sr_pg_4,$201.50,4.4 out of 5 stars,
,https://www.amazon.com/s?k=ipad&page=5&crid=1ZY02724OXD57&qid=1758462621&sprefix=ipad%2Caps%2C432&xpid=XMHlTO4ge5Qxp&ref=sr_pg_4,$899.00,4.7 out of 5 stars,
,https://www.amazon.com/s?k=ipad&page=5&crid=1ZY02724OXD57&qid=1758462621&sprefix=ipad%2Caps%2C432&xpid=XMHlTO4ge5Qxp&ref=sr_pg_4,$577.42,3.9 out of 5 stars,
,https://www.amazon.com/s?k=ipad&page=5&crid=1ZY02724OXD57&qid=1758462621&sprefix=ipad%2Caps%2C432&xpid=XMHlTO4ge5Qxp&ref=sr_pg_4,$319.95,4.5 out of 5 stars,
,https://www.amazon.com/s?k=ipad&page=5&crid=1ZY02724OXD57&qid=1758462621&sprefix=ipad%2Caps%2C432&xpid=XMHlTO4ge5Qxp&ref=sr_pg_4,$599.00,4.7 out of 5 stars,
,https://www.amazon.com/s?k=ipad&page=5&crid=1ZY02724OXD57&qid=1758462621&sprefix=ipad%2Caps%2C432&xpid=XMHlTO4ge5Qxp&ref=sr_pg_4,$89.99,4.4 out of 5 stars,
,https://www.amazon.com/s?k=ipad&page=5&crid=1ZY02724OXD57&qid=1758462621&sprefix=ipad%2Caps%2C432&xpid=XMHlTO4ge5Qxp&ref=sr_pg_4,,5.0 out of 5 stars,
,https://www.amazon.com/s?k=ipad&page=5&crid=1ZY02724OXD57&qid=1758462621&sprefix=ipad%2Caps%2C432&xpid=XMHlTO4ge5Qxp&ref=sr_pg_4,,4.8 out of 5 stars,
,https://www.amazon.com/s?k=ipad&page=5&crid=1ZY02724OXD57&qid=1758462621&sprefix=ipad%2Caps%2C432&xpid=XMHlTO4ge5Qxp&ref=sr_pg_4,$179.00,4.2 out of 5 stars,
,https://www.amazon.com/s?k=ipad&page=5&crid=1ZY02724OXD57&qid=1758462621&sprefix=ipad%2Caps%2C432&xpid=XMHlTO4ge5Qxp&ref=sr_pg_4,"$2,099.00",,
,https://www.amazon.com/s?k=ipad&page=5&crid=1ZY02724OXD57&qid=1758462621&sprefix=ipad%2Caps%2C432&xpid=XMHlTO4ge5Qxp&ref=sr_pg_4,$94.99,4.4 out of 5 stars,
,https://www.amazon.com/s?k=ipad&page=5&crid=1ZY02724OXD57&qid=1758462621&sprefix=ipad%2Caps%2C432&xpid=XMHlTO4ge5Qxp&ref=sr_pg_4,$299.95,4.2 out of 5 stars,
,https://www.amazon.com/s?k=ipad&page=5&crid=1ZY02724OXD57&qid=1758462621&sprefix=ipad%2Caps%2C432&xpid=XMHlTO4ge5Qxp&ref=sr_pg_4,$599.00,4.8 out of 5 stars,
,https://www.amazon.com/s?k=ipad&page=6&crid=1ZY02724OXD57&qid=1758462627&sprefix=ipad%2Caps%2C432&xpid=XMHlTO4ge5Qxp&ref=sr_pg_5,$399.79,5.0 out of 5 stars,
,https://www.amazon.com/s?k=ipad&page=6&crid=1ZY02724OXD57&qid=1758462627&sprefix=ipad%2Caps%2C432&xpid=XMHlTO4ge5Qxp&ref=sr_pg_5,$9.99,4.8 out of 5 stars,
,https://www.amazon.com/s?k=ipad&page=6&crid=1ZY02724OXD57&qid=1758462627&sprefix=ipad%2Caps%2C432&xpid=XMHlTO4ge5Qxp&ref=sr_pg_5,$314.95,4.3 out of 5 stars,
,https://www.amazon.com/s?k=ipad&page=6&crid=1ZY02724OXD57&qid=1758462627&sprefix=ipad%2Caps%2C432&xpid=XMHlTO4ge5Qxp&ref=sr_pg_5,$86.00,4.0 out of 5 stars,
,https://www.amazon.com/s?k=ipad&page=6&crid=1ZY02724OXD57&qid=1758462627&sprefix=ipad%2Caps%2C432&xpid=XMHlTO4ge5Qxp&ref=sr_pg_5,$129.00,4.0 out of 5 stars,
,https://www.amazon.com/s?k=ipad&page=6&crid=1ZY02724OXD57&qid=1758462627&sprefix=ipad%2Caps%2C432&xpid=XMHlTO4ge5Qxp&ref=sr_pg_5,$83.97,4.2 out of 5 stars,
,https://www.amazon.com/s?k=ipad&page=6&crid=1ZY02724OXD57&qid=1758462627&sprefix=ipad%2Caps%2C432&xpid=XMHlTO4ge5Qxp&ref=sr_pg_5,$111.64,4.2 out of 5 stars,
,https://www.amazon.com/s?k=ipad&page=6&crid=1ZY02724OXD57&qid=1758462627&sprefix=ipad%2Caps%2C432&xpid=XMHlTO4ge5Qxp&ref=sr_pg_5,$114.50,4.5 out of 5 stars,
,https://www.amazon.com/s?k=ipad&page=6&crid=1ZY02724OXD57&qid=1758462627&sprefix=ipad%2Caps%2C432&xpid=XMHlTO4ge5Qxp&ref=sr_pg_5,$88.99,4.1 out of 5 stars,
,https://www.amazon.com/s?k=ipad&page=6&crid=1ZY02724OXD57&qid=1758462627&sprefix=ipad%2Caps%2C432&xpid=XMHlTO4ge5Qxp&ref=sr_pg_5,$149.00,4.1 out of 5 stars,
,https://www.amazon.com/s?k=ipad&page=6&crid=1ZY02724OXD57&qid=1758462627&sprefix=ipad%2Caps%2C432&xpid=XMHlTO4ge5Qxp&ref=sr_pg_5,"$1,899.00",5.0 out of 5 stars,
,https://www.amazon.com/s?k=ipad&page=6&crid=1ZY02724OXD57&qid=1758462627&sprefix=ipad%2Caps%2C432&xpid=XMHlTO4ge5Qxp&ref=sr_pg_5,$124.00,4.2 out of 5 stars,
,https://www.amazon.com/s?k=ipad&page=6&crid=1ZY02724OXD57&qid=1758462627&sprefix=ipad%2Caps%2C432&xpid=XMHlTO4ge5Qxp&ref=sr_pg_5,"$1,649.00",,
,https://www.amazon.com/s?k=ipad&page=6&crid=1ZY02724OXD57&qid=1758462627&sprefix=ipad%2Caps%2C432&xpid=XMHlTO4ge5Qxp&ref=sr_pg_5,$99.99,3.8 out of 5 stars,
,https://www.amazon.com/s?k=ipad&page=6&crid=1ZY02724OXD57&qid=1758462627&sprefix=ipad%2Caps%2C432&xpid=XMHlTO4ge5Qxp&ref=sr_pg_5,$475.00,4.3 out of 5 stars,
,https://www.amazon.com/s?k=ipad&page=6&crid=1ZY02724OXD57&qid=1758462627&sprefix=ipad%2Caps%2C432&xpid=XMHlTO4ge5Qxp&ref=sr_pg_5,$141.99,4.2 out of 5 stars,
,https://www.amazon.com/s?k=ipad&page=7&crid=1ZY02724OXD57&qid=1758462634&sprefix=ipad%2Caps%2C432&xpid=XMHlTO4ge5Qxp&ref=sr_pg_6,$141.99,4.2 out of 5 stars,
,https://www.amazon.com/s?k=ipad&page=7&crid=1ZY02724OXD57&qid=1758462634&sprefix=ipad%2Caps%2C432&xpid=XMHlTO4ge5Qxp&ref=sr_pg_6,$79.99,4.0 out of 5 stars,
,https://www.amazon.com/s?k=ipad&page=7&crid=1ZY02724OXD57&qid=1758462634&sprefix=ipad%2Caps%2C432&xpid=XMHlTO4ge5Qxp&ref=sr_pg_6,$121.27,4.1 out of 5 stars,
,https://www.amazon.com/s?k=ipad&page=7&crid=1ZY02724OXD57&qid=1758462634&sprefix=ipad%2Caps%2C432&xpid=XMHlTO4ge5Qxp&ref=sr_pg_6,$475.00,4.3 out of 5 stars,
,https://www.amazon.com/s?k=ipad&page=7&crid=1ZY02724OXD57&qid=1758462634&sprefix=ipad%2Caps%2C432&xpid=XMHlTO4ge5Qxp&ref=sr_pg_6,,4.8 out of 5 stars,
,https://www.amazon.com/s?k=ipad&page=7&crid=1ZY02724OXD57&qid=1758462634&sprefix=ipad%2Caps%2C432&xpid=XMHlTO4ge5Qxp&ref=sr_pg_6,$84.99,4.3 out of 5 stars,
,https://www.amazon.com/s?k=ipad&page=7&crid=1ZY02724OXD57&qid=1758462634&sprefix=ipad%2Caps%2C432&xpid=XMHlTO4ge5Qxp&ref=sr_pg_6,$97.00,4.1 out of 5 stars,
,https://www.amazon.com/s?k=ipad&page=7&crid=1ZY02724OXD57&qid=1758462634&sprefix=ipad%2Caps%2C432&xpid=XMHlTO4ge5Qxp&ref=sr_pg_6,$79.99,4.2 out of 5 stars,
,https://www.amazon.com/s?k=ipad&page=7&crid=1ZY02724OXD57&qid=1758462634&sprefix=ipad%2Caps%2C432&xpid=XMHlTO4ge5Qxp&ref=sr_pg_6,$195.00,3.9 out of 5 stars,
,https://www.amazon.com/s?k=ipad&page=7&crid=1ZY02724OXD57&qid=1758462634&sprefix=ipad%2Caps%2C432&xpid=XMHlTO4ge5Qxp&ref=sr_pg_6,$179.00,4.1 out of 5 stars,
,https://www.amazon.com/s?k=ipad&page=7&crid=1ZY02724OXD57&qid=1758462634&sprefix=ipad%2Caps%2C432&xpid=XMHlTO4ge5Qxp&ref=sr_pg_6,$249.99,4.3 out of 5 stars,
,https://www.amazon.com/s?k=ipad&page=7&crid=1ZY02724OXD57&qid=1758462634&sprefix=ipad%2Caps%2C432&xpid=XMHlTO4ge5Qxp&ref=sr_pg_6,$146.00,4.2 out of 5 stars,
,https://www.amazon.com/s?k=ipad&page=7&crid=1ZY02724OXD57&qid=1758462634&sprefix=ipad%2Caps%2C432&xpid=XMHlTO4ge5Qxp&ref=sr_pg_6,$135.96,4.3 out of 5 stars,
,https://www.amazon.com/s?k=ipad&page=7&crid=1ZY02724OXD57&qid=1758462634&sprefix=ipad%2Caps%2C432&xpid=XMHlTO4ge5Qxp&ref=sr_pg_6,$104.99,4.4 out of 5 stars,
,https://www.amazon.com/s?k=ipad&page=7&crid=1ZY02724OXD57&qid=1758462634&sprefix=ipad%2Caps%2C432&xpid=XMHlTO4ge5Qxp&ref=sr_pg_6,$288.00,4.6 out of 5 stars,
,https://www.amazon.com/s?k=ipad&page=7&crid=1ZY02724OXD57&qid=1758462634&sprefix=ipad%2Caps%2C432&xpid=XMHlTO4ge5Qxp&ref=sr_pg_6,$374.95,4.1 out of 5 stars,
,https://www.amazon.com/s?k=ipad&page=8&crid=1ZY02724OXD57&qid=1758462639&sprefix=ipad%2Caps%2C432&xpid=XMHlTO4ge5Qxp&ref=sr_pg_7,$26.99,5.0 out of 5 stars,
,https://www.amazon.com/s?k=ipad&page=8&crid=1ZY02724OXD57&qid=1758462639&sprefix=ipad%2Caps%2C432&xpid=XMHlTO4ge5Qxp&ref=sr_pg_7,$14.99,4.8 out of 5 stars,
,https://www.amazon.com/s?k=ipad&page=8&crid=1ZY02724OXD57&qid=1758462639&sprefix=ipad%2Caps%2C432&xpid=XMHlTO4ge5Qxp&ref=sr_pg_7,$135.96,4.3 out of 5 stars,
,https://www.amazon.com/s?k=ipad&page=8&crid=1ZY02724OXD57&qid=1758462639&sprefix=ipad%2Caps%2C432&xpid=XMHlTO4ge5Qxp&ref=sr_pg_7,$154.00,4.4 out of 5 stars,
,https://www.amazon.com/s?k=ipad&page=8&crid=1ZY02724OXD57&qid=1758462639&sprefix=ipad%2Caps%2C432&xpid=XMHlTO4ge5Qxp&ref=sr_pg_7,$191.95,4.4 out of 5 stars,
,https://www.amazon.com/s?k=ipad&page=8&crid=1ZY02724OXD57&qid=1758462639&sprefix=ipad%2Caps%2C432&xpid=XMHlTO4ge5Qxp&ref=sr_pg_7,$295.94,4.8 out of 5 stars,
,https://www.amazon.com/s?k=ipad&page=8&crid=1ZY02724OXD57&qid=1758462639&sprefix=ipad%2Caps%2C432&xpid=XMHlTO4ge5Qxp&ref=sr_pg_7,$519.32,4.9 out of 5 stars,
,https://www.amazon.com/s?k=ipad&page=8&crid=1ZY02724OXD57&qid=1758462639&sprefix=ipad%2Caps%2C432&xpid=XMHlTO4ge5Qxp&ref=sr_pg_7,$593.00,4.7 out of 5 stars,
,https://www.amazon.com/s?k=ipad&page=8&crid=1ZY02724OXD57&qid=1758462639&sprefix=ipad%2Caps%2C432&xpid=XMHlTO4ge5Qxp&ref=sr_pg_7,$249.99,4.4 out of 5 stars,
,https://www.amazon.com/s?k=ipad&page=8&crid=1ZY02724OXD57&qid=1758462639&sprefix=ipad%2Caps%2C432&xpid=XMHlTO4ge5Qxp&ref=sr_pg_7,$313.00,4.3 out of 5 stars,
,https://www.amazon.com/s?k=ipad&page=8&crid=1ZY02724OXD57&qid=1758462639&sprefix=ipad%2Caps%2C432&xpid=XMHlTO4ge5Qxp&ref=sr_pg_7,$239.00,4.2 out of 5 stars,
,https://www.amazon.com/s?k=ipad&page=8&crid=1ZY02724OXD57&qid=1758462639&sprefix=ipad%2Caps%2C432&xpid=XMHlTO4ge5Qxp&ref=sr_pg_7,$413.10,3.3 out of 5 stars,
,https://www.amazon.com/s?k=ipad&page=8&crid=1ZY02724OXD57&qid=1758462639&sprefix=ipad%2Caps%2C432&xpid=XMHlTO4ge5Qxp&ref=sr_pg_7,$199.00,4.5 out of 5 stars,
,https://www.amazon.com/s?k=ipad&page=8&crid=1ZY02724OXD57&qid=1758462639&sprefix=ipad%2Caps%2C432&xpid=XMHlTO4ge5Qxp&ref=sr_pg_7,$389.99,4.3 out of 5 stars,
,https://www.amazon.com/s?k=ipad&page=8&crid=1ZY02724OXD57&qid=1758462639&sprefix=ipad%2Caps%2C432&xpid=XMHlTO4ge5Qxp&ref=sr_pg_7,$86.00,3.6 out of 5 stars,
,https://www.amazon.com/s?k=ipad&page=8&crid=1ZY02724OXD57&qid=1758462639&sprefix=ipad%2Caps%2C432&xpid=XMHlTO4ge5Qxp&ref=sr_pg_7,,4.8 out of 5 stars,
,https://www.amazon.com/s?k=ipad&page=8&crid=1ZY02724OXD57&qid=1758462639&sprefix=ipad%2Caps%2C432&xpid=XMHlTO4ge5Qxp&ref=sr_pg_7,$741.23,4.3 out of 5 stars,
,https://www.amazon.com/s?k=ipad&page=8&crid=1ZY02724OXD57&qid=1758462639&sprefix=ipad%2Caps%2C432&xpid=XMHlTO4ge5Qxp&ref=sr_pg_7,$79.99,2.8 out of 5 stars,
,https://www.amazon.com/s?k=ipad&page=9&crid=1ZY02724OXD57&qid=1758462643&sprefix=ipad%2Caps%2C432&xpid=XMHlTO4ge5Qxp&ref=sr_pg_8,$209.00,4.4 out of 5 stars,
,https://www.amazon.com/s?k=ipad&page=9&crid=1ZY02724OXD57&qid=1758462643&sprefix=ipad%2Caps%2C432&xpid=XMHlTO4ge5Qxp&ref=sr_pg_8,$569.16,4.0 out of 5 stars,
,https://www.amazon.com/s?k=ipad&page=9&crid=1ZY02724OXD57&qid=1758462643&sprefix=ipad%2Caps%2C432&xpid=XMHlTO4ge5Qxp&ref=sr_pg_8,"$1,658.05",5.0 out of 5 stars,
,https://www.amazon.com/s?k=ipad&page=9&crid=1ZY02724OXD57&qid=1758462643&sprefix=ipad%2Caps%2C432&xpid=XMHlTO4ge5Qxp&ref=sr_pg_8,"$1,829.00",5.0 out of 5 stars,
,https://www.amazon.com/s?k=ipad&page=9&crid=1ZY02724OXD57&qid=1758462643&sprefix=ipad%2Caps%2C432&xpid=XMHlTO4ge5Qxp&ref=sr_pg_8,$799.99,4.6 out of 5 stars,
,https://www.amazon.com/s?k=ipad&page=9&crid=1ZY02724OXD57&qid=1758462643&sprefix=ipad%2Caps%2C432&xpid=XMHlTO4ge5Qxp&ref=sr_pg_8,$481.95,4.0 out of 5 stars,
,https://www.amazon.com/s?k=ipad&page=9&crid=1ZY02724OXD57&qid=1758462643&sprefix=ipad%2Caps%2C432&xpid=XMHlTO4ge5Qxp&ref=sr_pg_8,,4.4 out of 5 stars,
,https://www.amazon.com/s?k=ipad&page=9&crid=1ZY02724OXD57&qid=1758462643&sprefix=ipad%2Caps%2C432&xpid=XMHlTO4ge5Qxp&ref=sr_pg_8,$365.39,4.5 out of 5 stars,
,https://www.amazon.com/s?k=ipad&page=9&crid=1ZY02724OXD57&qid=1758462643&sprefix=ipad%2Caps%2C432&xpid=XMHlTO4ge5Qxp&ref=sr_pg_8,$249.00,4.8 out of 5 stars,
,https://www.amazon.com/s?k=ipad&page=9&crid=1ZY02724OXD57&qid=1758462643&sprefix=ipad%2Caps%2C432&xpid=XMHlTO4ge5Qxp&ref=sr_pg_8,"$2,061.63",4.0 out of 5 stars,
,https://www.amazon.com/s?k=ipad&page=9&crid=1ZY02724OXD57&qid=1758462643&sprefix=ipad%2Caps%2C432&xpid=XMHlTO4ge5Qxp&ref=sr_pg_8,$339.95,4.4 out of 5 stars,
,https://www.amazon.com/s?k=ipad&page=9&crid=1ZY02724OXD57&qid=1758462643&sprefix=ipad%2Caps%2C432&xpid=XMHlTO4ge5Qxp&ref=sr_pg_8,$97.00,4.1 out of 5 stars,
,https://www.amazon.com/s?k=ipad&page=9&crid=1ZY02724OXD57&qid=1758462643&sprefix=ipad%2Caps%2C432&xpid=XMHlTO4ge5Qxp&ref=sr_pg_8,$399.95,4.4 out of 5 stars,
,https://www.amazon.com/s?k=ipad&page=9&crid=1ZY02724OXD57&qid=1758462643&sprefix=ipad%2Caps%2C432&xpid=XMHlTO4ge5Qxp&ref=sr_pg_8,"$2,199.00",5.0 out of 5 stars,
,https://www.amazon.com/s?k=ipad&page=9&crid=1ZY02724OXD57&qid=1758462643&sprefix=ipad%2Caps%2C432&xpid=XMHlTO4ge5Qxp&ref=sr_pg_8,$289.00,4.7 out of 5 stars,
,https://www.amazon.com/s?k=ipad&page=9&crid=1ZY02724OXD57&qid=1758462643&sprefix=ipad%2Caps%2C432&xpid=XMHlTO4ge5Qxp&ref=sr_pg_8,$589.00,4.4 out of 5 stars,
,https://www.amazon.com/s?k=ipad&page=10&crid=1ZY02724OXD57&qid=1758462647&sprefix=ipad%2Caps%2C432&xpid=XMHlTO4ge5Qxp&ref=sr_pg_9,$12.08,4.3 out of 5 stars,
,https://www.amazon.com/s?k=ipad&page=10&crid=1ZY02724OXD57&qid=1758462647&sprefix=ipad%2Caps%2C432&xpid=XMHlTO4ge5Qxp&ref=sr_pg_9,$29.99,4.3 out of 5 stars,
,https://www.amazon.com/s?k=ipad&page=10&crid=1ZY02724OXD57&qid=1758462647&sprefix=ipad%2Caps%2C432&xpid=XMHlTO4ge5Qxp&ref=sr_pg_9,$289.00,4.7 out of 5 stars,
,https://www.amazon.com/s?k=ipad&page=10&crid=1ZY02724OXD57&qid=1758462647&sprefix=ipad%2Caps%2C432&xpid=XMHlTO4ge5Qxp&ref=sr_pg_9,$688.50,4.4 out of 5 stars,
,https://www.amazon.com/s?k=ipad&page=10&crid=1ZY02724OXD57&qid=1758462647&sprefix=ipad%2Caps%2C432&xpid=XMHlTO4ge5Qxp&ref=sr_pg_9,$255.00,4.0 out of 5 stars,
,https://www.amazon.com/s?k=ipad&page=10&crid=1ZY02724OXD57&qid=1758462647&sprefix=ipad%2Caps%2C432&xpid=XMHlTO4ge5Qxp&ref=sr_pg_9,,4.6 out of 5 stars,
,https://www.amazon.com/s?k=ipad&page=10&crid=1ZY02724OXD57&qid=1758462647&sprefix=ipad%2Caps%2C432&xpid=XMHlTO4ge5Qxp&ref=sr_pg_9,$99.00,4.0 out of 5 stars,
,https://www.amazon.com/s?k=ipad&page=10&crid=1ZY02724OXD57&qid=1758462647&sprefix=ipad%2Caps%2C432&xpid=XMHlTO4ge5Qxp&ref=sr_pg_9,$799.00,4.8 out of 5 stars,
,https://www.amazon.com/s?k=ipad&page=10&crid=1ZY02724OXD57&qid=1758462647&sprefix=ipad%2Caps%2C432&xpid=XMHlTO4ge5Qxp&ref=sr_pg_9,$514.95,4.4 out of 5 stars,
,https://www.amazon.com/s?k=ipad&page=10&crid=1ZY02724OXD57&qid=1758462647&sprefix=ipad%2Caps%2C432&xpid=XMHlTO4ge5Qxp&ref=sr_pg_9,$118.00,4.3 out of 5 stars,
,https://www.amazon.com/s?k=ipad&page=10&crid=1ZY02724OXD57&qid=1758462647&sprefix=ipad%2Caps%2C432&xpid=XMHlTO4ge5Qxp&ref=sr_pg_9,$279.00,4.4 out of 5 stars,
,https://www.amazon.com/s?k=ipad&page=10&crid=1ZY02724OXD57&qid=1758462647&sprefix=ipad%2Caps%2C432&xpid=XMHlTO4ge5Qxp&ref=sr_pg_9,$209.50,4.4 out of 5 stars,
,https://www.amazon.com/s?k=ipad&page=10&crid=1ZY02724OXD57&qid=1758462647&sprefix=ipad%2Caps%2C432&xpid=XMHlTO4ge5Qxp&ref=sr_pg_9,$149.00,4.3 out of 5 stars,
,https://www.amazon.com/s?k=ipad&page=10&crid=1ZY02724OXD57&qid=1758462647&sprefix=ipad%2Caps%2C432&xpid=XMHlTO4ge5Qxp&ref=sr_pg_9,$134.00,3.9 out of 5 stars,
,https://www.amazon.com/s?k=ipad&page=10&crid=1ZY02724OXD57&qid=1758462647&sprefix=ipad%2Caps%2C432&xpid=XMHlTO4ge5Qxp&ref=sr_pg_9,$279.00,4.1 out of 5 stars,
,https://www.amazon.com/s?k=ipad&page=10&crid=1ZY02724OXD57&qid=1758462647&sprefix=ipad%2Caps%2C432&xpid=XMHlTO4ge5Qxp&ref=sr_pg_9,$612.00,,
,https://www.amazon.com/s?k=ipad&page=10&crid=1ZY02724OXD57&qid=1758462647&sprefix=ipad%2Caps%2C432&xpid=XMHlTO4ge5Qxp&ref=sr_pg_9,$579.95,4.6 out of 5 stars,
,https://www.amazon.com/s?k=ipad&page=10&crid=1ZY02724OXD57&qid=1758462647&sprefix=ipad%2Caps%2C432&xpid=XMHlTO4ge5Qxp&ref=sr_pg_9,$295.00,4.3 out of 5 stars,
,https://www.amazon.com/s?k=ipad&page=11&crid=1ZY02724OXD57&qid=1758462652&sprefix=ipad%2Caps%2C432&xpid=XMHlTO4ge5Qxp&ref=sr_pg_10,$529.00,3.9 out of 5 stars,
,https://www.amazon.com/s?k=ipad&page=11&crid=1ZY02724OXD57&qid=1758462652&sprefix=ipad%2Caps%2C432&xpid=XMHlTO4ge5Qxp&ref=sr_pg_10,$159.00,4.4 out of 5 stars,
,https://www.amazon.com/s?k=ipad&page=11&crid=1ZY02724OXD57&qid=1758462652&sprefix=ipad%2Caps%2C432&xpid=XMHlTO4ge5Qxp&ref=sr_pg_10,$196.00,4.2 out of 5 stars,
,https://www.amazon.com/s?k=ipad&page=11&crid=1ZY02724OXD57&qid=1758462652&sprefix=ipad%2Caps%2C432&xpid=XMHlTO4ge5Qxp&ref=sr_pg_10,$316.00,4.4 out of 5 stars,
,https://www.amazon.com/s?k=ipad&page=11&crid=1ZY02724OXD57&qid=1758462652&sprefix=ipad%2Caps%2C432&xpid=XMHlTO4ge5Qxp&ref=sr_pg_10,$149.85,5.0 out of 5 stars,
,https://www.amazon.com/s?k=ipad&page=11&crid=1ZY02724OXD57&qid=1758462652&sprefix=ipad%2Caps%2C432&xpid=XMHlTO4ge5Qxp&ref=sr_pg_10,$569.95,4.3 out of 5 stars,
,https://www.amazon.com/s?k=ipad&page=11&crid=1ZY02724OXD57&qid=1758462652&sprefix=ipad%2Caps%2C432&xpid=XMHlTO4ge5Qxp&ref=sr_pg_10,$139.99,4.2 out of 5 stars,
,https://www.amazon.com/s?k=ipad&page=11&crid=1ZY02724OXD57&qid=1758462652&sprefix=ipad%2Caps%2C432&xpid=XMHlTO4ge5Qxp&ref=sr_pg_10,$674.00,4.3 out of 5 stars,
,https://www.amazon.com/s?k=ipad&page=11&crid=1ZY02724OXD57&qid=1758462652&sprefix=ipad%2Caps%2C432&xpid=XMHlTO4ge5Qxp&ref=sr_pg_10,$409.94,4.4 out of 5 stars,
,https://www.amazon.com/s?k=ipad&page=11&crid=1ZY02724OXD57&qid=1758462652&sprefix=ipad%2Caps%2C432&xpid=XMHlTO4ge5Qxp&ref=sr_pg_10,$202.00,4.2 out of 5 stars,
,https://www.amazon.com/s?k=ipad&page=11&crid=1ZY02724OXD57&qid=1758462652&sprefix=ipad%2Caps%2C432&xpid=XMHlTO4ge5Qxp&ref=sr_pg_10,$119.99,4.4 out of 5 stars,
,https://www.amazon.com/s?k=ipad&page=11&crid=1ZY02724OXD57&qid=1758462652&sprefix=ipad%2Caps%2C432&xpid=XMHlTO4ge5Qxp&ref=sr_pg_10,$127.00,4.4 out of 5 stars,
,https://www.amazon.com/s?k=ipad&page=11&crid=1ZY02724OXD57&qid=1758462652&sprefix=ipad%2Caps%2C432&xpid=XMHlTO4ge5Qxp&ref=sr_pg_10,$499.99,4.6 out of 5 stars,
,https://www.amazon.com/s?k=ipad&page=11&crid=1ZY02724OXD57&qid=1758462652&sprefix=ipad%2Caps%2C432&xpid=XMHlTO4ge5Qxp&ref=sr_pg_10,$277.00,4.2 out of 5 stars,
,https://www.amazon.com/s?k=ipad&page=11&crid=1ZY02724OXD57&qid=1758462652&sprefix=ipad%2Caps%2C432&xpid=XMHlTO4ge5Qxp&ref=sr_pg_10,$134.99,4.6 out of 5 stars,
,https://www.amazon.com/s?k=ipad&page=11&crid=1ZY02724OXD57&qid=1758462652&sprefix=ipad%2Caps%2C432&xpid=XMHlTO4ge5Qxp&ref=sr_pg_10,$74.99,4.7 out of 5 stars,
,https://www.amazon.com/s?k=ipad&page=12&crid=1ZY02724OXD57&qid=1758462656&sprefix=ipad%2Caps%2C432&xpid=XMHlTO4ge5Qxp&ref=sr_pg_11,$137.99,4.5 out of 5 stars,
,https://www.amazon.com/s?k=ipad&page=12&crid=1ZY02724OXD57&qid=1758462656&sprefix=ipad%2Caps%2C432&xpid=XMHlTO4ge5Qxp&ref=sr_pg_11,$59.99,3.9 out of 5 stars,
,https://www.amazon.com/s?k=ipad&page=12&crid=1ZY02724OXD57&qid=1758462656&sprefix=ipad%2Caps%2C432&xpid=XMHlTO4ge5Qxp&ref=sr_pg_11,$259.95,4.6 out of 5 stars,
,https://www.amazon.com/s?k=ipad&page=12&crid=1ZY02724OXD57&qid=1758462656&sprefix=ipad%2Caps%2C432&xpid=XMHlTO4ge5Qxp&ref=sr_pg_11,$99.00,4.6 out of 5 stars,
,https://www.amazon.com/s?k=ipad&page=12&crid=1ZY02724OXD57&qid=1758462656&sprefix=ipad%2Caps%2C432&xpid=XMHlTO4ge5Qxp&ref=sr_pg_11,$27.99,4.5 out of 5 stars,
,https://www.amazon.com/s?k=ipad&page=12&crid=1ZY02724OXD57&qid=1758462656&sprefix=ipad%2Caps%2C432&xpid=XMHlTO4ge5Qxp&ref=sr_pg_11,$17.99,4.4 out of 5 stars,
,https://www.amazon.com/s?k=ipad&page=12&crid=1ZY02724OXD57&qid=1758462656&sprefix=ipad%2Caps%2C432&xpid=XMHlTO4ge5Qxp&ref=sr_pg_11,$229.99,4.0 out of 5 stars,
,https://www.amazon.com/s?k=ipad&page=12&crid=1ZY02724OXD57&qid=1758462656&sprefix=ipad%2Caps%2C432&xpid=XMHlTO4ge5Qxp&ref=sr_pg_11,$199.99,4.0 out of 5 stars,
,https://www.amazon.com/s?k=ipad&page=12&crid=1ZY02724OXD57&qid=1758462656&sprefix=ipad%2Caps%2C432&xpid=XMHlTO4ge5Qxp&ref=sr_pg_11,$129.99,4.2 out of 5 stars,
,https://www.amazon.com/s?k=ipad&page=12&crid=1ZY02724OXD57&qid=1758462656&sprefix=ipad%2Caps%2C432&xpid=XMHlTO4ge5Qxp&ref=sr_pg_11,$199.99,3.8 out of 5 stars,
,https://www.amazon.com/s?k=ipad&page=12&crid=1ZY02724OXD57&qid=1758462656&sprefix=ipad%2Caps%2C432&xpid=XMHlTO4ge5Qxp&ref=sr_pg_11,$99.99,4.0 out of 5 stars,
,https://www.amazon.com/s?k=ipad&page=12&crid=1ZY02724OXD57&qid=1758462656&sprefix=ipad%2Caps%2C432&xpid=XMHlTO4ge5Qxp&ref=sr_pg_11,,4.6 out of 5 stars,
,https://www.amazon.com/s?k=ipad&page=12&crid=1ZY02724OXD57&qid=1758462656&sprefix=ipad%2Caps%2C432&xpid=XMHlTO4ge5Qxp&ref=sr_pg_11,$59.99,4.3 out of 5 stars,
,https://www.amazon.com/s?k=ipad&page=12&crid=1ZY02724OXD57&qid=1758462656&sprefix=ipad%2Caps%2C432&xpid=XMHlTO4ge5Qxp&ref=sr_pg_11,$41.00,4.4 out of 5 stars,
,https://www.amazon.com/s?k=ipad&page=12&crid=1ZY02724OXD57&qid=1758462656&sprefix=ipad%2Caps%2C432&xpid=XMHlTO4ge5Qxp&ref=sr_pg_11,$89.98,4.1 out of 5 stars,
,https://www.amazon.com/s?k=ipad&page=12&crid=1ZY02724OXD57&qid=1758462656&sprefix=ipad%2Caps%2C432&xpid=XMHlTO4ge5Qxp&ref=sr_pg_11,$21.75,4.7 out of 5 stars,
,https://www.amazon.com/s?k=ipad&page=13&crid=1ZY02724OXD57&qid=1758462661&sprefix=ipad%2Caps%2C432&xpid=XMHlTO4ge5Qxp&ref=sr_pg_12,"$3,987.81",4.8 out of 5 stars,
,https://www.amazon.com/s?k=ipad&page=13&crid=1ZY02724OXD57&qid=1758462661&sprefix=ipad%2Caps%2C432&xpid=XMHlTO4ge5Qxp&ref=sr_pg_12,"$1,578.00",4.8 out of 5 stars,
,https://www.amazon.com/s?k=ipad&page=13&crid=1ZY02724OXD57&qid=1758462661&sprefix=ipad%2Caps%2C432&xpid=XMHlTO4ge5Qxp&ref=sr_pg_12,$999.00,4.8 out of 5 stars,
,https://www.amazon.com/s?k=ipad&page=13&crid=1ZY02724OXD57&qid=1758462661&sprefix=ipad%2Caps%2C432&xpid=XMHlTO4ge5Qxp&ref=sr_pg_12,$105.99,4.3 out of 5 stars,
,https://www.amazon.com/s?k=ipad&page=13&crid=1ZY02724OXD57&qid=1758462661&sprefix=ipad%2Caps%2C432&xpid=XMHlTO4ge5Qxp&ref=sr_pg_12,$154.70,4.3 out of 5 stars,
,https://www.amazon.com/s?k=ipad&page=13&crid=1ZY02724OXD57&qid=1758462661&sprefix=ipad%2Caps%2C432&xpid=XMHlTO4ge5Qxp&ref=sr_pg_12,$138.00,4.7 out of 5 stars,
,https://www.amazon.com/s?k=ipad&page=13&crid=1ZY02724OXD57&qid=1758462661&sprefix=ipad%2Caps%2C432&xpid=XMHlTO4ge5Qxp&ref=sr_pg_12,$16.99,4.5 out of 5 stars,
,https://www.amazon.com/s?k=ipad&page=13&crid=1ZY02724OXD57&qid=1758462661&sprefix=ipad%2Caps%2C432&xpid=XMHlTO4ge5Qxp&ref=sr_pg_12,,4.4 out of 5 stars,
,https://www.amazon.com/s?k=ipad&page=13&crid=1ZY02724OXD57&qid=1758462661&sprefix=ipad%2Caps%2C432&xpid=XMHlTO4ge5Qxp&ref=sr_pg_12,$7.89,4.6 out of 5 stars,
,https://www.amazon.com/s?k=ipad&page=13&crid=1ZY02724OXD57&qid=1758462661&sprefix=ipad%2Caps%2C432&xpid=XMHlTO4ge5Qxp&ref=sr_pg_12,$79.97,4.5 out of 5 stars,
,https://www.amazon.com/s?k=ipad&page=13&crid=1ZY02724OXD57&qid=1758462661&sprefix=ipad%2Caps%2C432&xpid=XMHlTO4ge5Qxp&ref=sr_pg_12,$144.99,4.6 out of 5 stars,
,https://www.amazon.com/s?k=ipad&page=13&crid=1ZY02724OXD57&qid=1758462661&sprefix=ipad%2Caps%2C432&xpid=XMHlTO4ge5Qxp&ref=sr_pg_12,$159.95,4.6 out of 5 stars,
,https://www.amazon.com/s?k=ipad&page=13&crid=1ZY02724OXD57&qid=1758462661&sprefix=ipad%2Caps%2C432&xpid=XMHlTO4ge5Qxp&ref=sr_pg_12,$249.99,4.1 out of 5 stars,
,https://www.amazon.com/s?k=ipad&page=13&crid=1ZY02724OXD57&qid=1758462661&sprefix=ipad%2Caps%2C432&xpid=XMHlTO4ge5Qxp&ref=sr_pg_12,$29.69,4.7 out of 5 stars,
,https://www.amazon.com/s?k=ipad&page=13&crid=1ZY02724OXD57&qid=1758462661&sprefix=ipad%2Caps%2C432&xpid=XMHlTO4ge5Qxp&ref=sr_pg_12,$16.99,4.6 out of 5 stars,
,https://www.amazon.com/s?k=ipad&page=13&crid=1ZY02724OXD57&qid=1758462661&sprefix=ipad%2Caps%2C432&xpid=XMHlTO4ge5Qxp&ref=sr_pg_12,$69.00,4.6 out of 5 stars,
,https://www.amazon.com/s?k=ipad&page=13&crid=1ZY02724OXD57&qid=1758462661&sprefix=ipad%2Caps%2C432&xpid=XMHlTO4ge5Qxp&ref=sr_pg_12,$129.99,4.4 out of 5 stars,
,https://www.amazon.com/s?k=ipad&page=13&crid=1ZY02724OXD57&qid=1758462661&sprefix=ipad%2Caps%2C432&xpid=XMHlTO4ge5Qxp&ref=sr_pg_12,$299.00,4.5 out of 5 stars,
,https://www.amazon.com/s?k=ipad&page=14&crid=1ZY02724OXD57&qid=1758462666&sprefix=ipad%2Caps%2C432&xpid=XMHlTO4ge5Qxp&ref=sr_pg_13,$75.05,4.4 out of 5 stars,
,https://www.amazon.com/s?k=ipad&page=14&crid=1ZY02724OXD57&qid=1758462666&sprefix=ipad%2Caps%2C432&xpid=XMHlTO4ge5Qxp&ref=sr_pg_13,$89.99,4.8 out of 5 stars,
,https://www.amazon.com/s?k=ipad&page=14&crid=1ZY02724OXD57&qid=1758462666&sprefix=ipad%2Caps%2C432&xpid=XMHlTO4ge5Qxp&ref=sr_pg_13,$29.99,4.5 out of 5 stars,
,https://www.amazon.com/s?k=ipad&page=14&crid=1ZY02724OXD57&qid=1758462666&sprefix=ipad%2Caps%2C432&xpid=XMHlTO4ge5Qxp&ref=sr_pg_13,$26.99,4.5 out of 5 stars,
,https://www.amazon.com/s?k=ipad&page=14&crid=1ZY02724OXD57&qid=1758462666&sprefix=ipad%2Caps%2C432&xpid=XMHlTO4ge5Qxp&ref=sr_pg_13,$119.00,4.5 out of 5 stars,
,https://www.amazon.com/s?k=ipad&page=14&crid=1ZY02724OXD57&qid=1758462666&sprefix=ipad%2Caps%2C432&xpid=XMHlTO4ge5Qxp&ref=sr_pg_13,$69.99,4.8 out of 5 stars,
,https://www.amazon.com/s?k=ipad&page=14&crid=1ZY02724OXD57&qid=1758462666&sprefix=ipad%2Caps%2C432&xpid=XMHlTO4ge5Qxp&ref=sr_pg_13,$27.99,4.6 out of 5 stars,
,https://www.amazon.com/s?k=ipad&page=14&crid=1ZY02724OXD57&qid=1758462666&sprefix=ipad%2Caps%2C432&xpid=XMHlTO4ge5Qxp&ref=sr_pg_13,$119.99,4.2 out of 5 stars,
,https://www.amazon.com/s?k=ipad&page=14&crid=1ZY02724OXD57&qid=1758462666&sprefix=ipad%2Caps%2C432&xpid=XMHlTO4ge5Qxp&ref=sr_pg_13,$12.97,4.4 out of 5 stars,
,https://www.amazon.com/s?k=ipad&page=14&crid=1ZY02724OXD57&qid=1758462666&sprefix=ipad%2Caps%2C432&xpid=XMHlTO4ge5Qxp&ref=sr_pg_13,$20.99,4.4 out of 5 stars,
,https://www.amazon.com/s?k=ipad&page=14&crid=1ZY02724OXD57&qid=1758462666&sprefix=ipad%2Caps%2C432&xpid=XMHlTO4ge5Qxp&ref=sr_pg_13,$14.89,4.6 out of 5 stars,
,https://www.amazon.com/s?k=ipad&page=14&crid=1ZY02724OXD57&qid=1758462666&sprefix=ipad%2Caps%2C432&xpid=XMHlTO4ge5Qxp&ref=sr_pg_13,$105.99,4.4 out of 5 stars,
,https://www.amazon.com/s?k=ipad&page=14&crid=1ZY02724OXD57&qid=1758462666&sprefix=ipad%2Caps%2C432&xpid=XMHlTO4ge5Qxp&ref=sr_pg_13,$79.99,4.5 out of 5 stars,
,https://www.amazon.com/s?k=ipad&page=14&crid=1ZY02724OXD57&qid=1758462666&sprefix=ipad%2Caps%2C432&xpid=XMHlTO4ge5Qxp&ref=sr_pg_13,"$1,301.00",4.8 out of 5 stars,
,https://www.amazon.com/s?k=ipad&page=14&crid=1ZY02724OXD57&qid=1758462666&sprefix=ipad%2Caps%2C432&xpid=XMHlTO4ge5Qxp&ref=sr_pg_13,$109.99,4.3 out of 5 stars,
,https://www.amazon.com/s?k=ipad&page=14&crid=1ZY02724OXD57&qid=1758462666&sprefix=ipad%2Caps%2C432&xpid=XMHlTO4ge5Qxp&ref=sr_pg_13,$79.99,3.9 out of 5 stars,
,https://www.amazon.com/s?k=ipad&page=15&crid=1ZY02724OXD57&qid=1758462670&sprefix=ipad%2Caps%2C432&xpid=XMHlTO4ge5Qxp&ref=sr_pg_14,$79.99,4.3 out of 5 stars,
,https://www.amazon.com/s?k=ipad&page=15&crid=1ZY02724OXD57&qid=1758462670&sprefix=ipad%2Caps%2C432&xpid=XMHlTO4ge5Qxp&ref=sr_pg_14,$79.99,4.8 out of 5 stars,
,https://www.amazon.com/s?k=ipad&page=15&crid=1ZY02724OXD57&qid=1758462670&sprefix=ipad%2Caps%2C432&xpid=XMHlTO4ge5Qxp&ref=sr_pg_14,$104.99,4.2 out of 5 stars,
,https://www.amazon.com/s?k=ipad&page=15&crid=1ZY02724OXD57&qid=1758462670&sprefix=ipad%2Caps%2C432&xpid=XMHlTO4ge5Qxp&ref=sr_pg_14,$15.99,4.7 out of 5 stars,
,https://www.amazon.com/s?k=ipad&page=15&crid=1ZY02724OXD57&qid=1758462670&sprefix=ipad%2Caps%2C432&xpid=XMHlTO4ge5Qxp&ref=sr_pg_14,$59.99,4.5 out of 5 stars,
,https://www.amazon.com/s?k=ipad&page=15&crid=1ZY02724OXD57&qid=1758462670&sprefix=ipad%2Caps%2C432&xpid=XMHlTO4ge5Qxp&ref=sr_pg_14,$29.99,4.5 out of 5 stars,
,https://www.amazon.com/s?k=ipad&page=15&crid=1ZY02724OXD57&qid=1758462670&sprefix=ipad%2Caps%2C432&xpid=XMHlTO4ge5Qxp&ref=sr_pg_14,$89.99,4.5 out of 5 stars,
,https://www.amazon.com/s?k=ipad&page=15&crid=1ZY02724OXD57&qid=1758462670&sprefix=ipad%2Caps%2C432&xpid=XMHlTO4ge5Qxp&ref=sr_pg_14,$19.99,4.4 out of 5 stars,
,https://www.amazon.com/s?k=ipad&page=15&crid=1ZY02724OXD57&qid=1758462670&sprefix=ipad%2Caps%2C432&xpid=XMHlTO4ge5Qxp&ref=sr_pg_14,$59.99,4.7 out of 5 stars,
,https://www.amazon.com/s?k=ipad&page=15&crid=1ZY02724OXD57&qid=1758462670&sprefix=ipad%2Caps%2C432&xpid=XMHlTO4ge5Qxp&ref=sr_pg_14,$27.99,4.5 out of 5 stars,
,https://www.amazon.com/s?k=ipad&page=15&crid=1ZY02724OXD57&qid=1758462670&sprefix=ipad%2Caps%2C432&xpid=XMHlTO4ge5Qxp&ref=sr_pg_14,$300.00,3.5 out of 5 stars,
,https://www.amazon.com/s?k=ipad&page=15&crid=1ZY02724OXD57&qid=1758462670&sprefix=ipad%2Caps%2C432&xpid=XMHlTO4ge5Qxp&ref=sr_pg_14,$82.99,4.4 out of 5 stars,
,https://www.amazon.com/s?k=ipad&page=15&crid=1ZY02724OXD57&qid=1758462670&sprefix=ipad%2Caps%2C432&xpid=XMHlTO4ge5Qxp&ref=sr_pg_14,$119.99,4.5 out of 5 stars,
,https://www.amazon.com/s?k=ipad&page=15&crid=1ZY02724OXD57&qid=1758462670&sprefix=ipad%2Caps%2C432&xpid=XMHlTO4ge5Qxp&ref=sr_pg_14,$359.99,4.9 out of 5 stars,
,https://www.amazon.com/s?k=ipad&page=15&crid=1ZY02724OXD57&qid=1758462670&sprefix=ipad%2Caps%2C432&xpid=XMHlTO4ge5Qxp&ref=sr_pg_14,$17.99,4.4 out of 5 stars,
,https://www.amazon.com/s?k=ipad&page=15&crid=1ZY02724OXD57&qid=1758462670&sprefix=ipad%2Caps%2C432&xpid=XMHlTO4ge5Qxp&ref=sr_pg_14,$69.99,4.8 out of 5 stars,
,https://www.amazon.com/s?k=ipad&page=16&crid=1ZY02724OXD57&qid=1758462674&sprefix=ipad%2Caps%2C432&xpid=XMHlTO4ge5Qxp&ref=sr_pg_15,$229.99,5.0 out of 5 stars,
,https://www.amazon.com/s?k=ipad&page=16&crid=1ZY02724OXD57&qid=1758462674&sprefix=ipad%2Caps%2C432&xpid=XMHlTO4ge5Qxp&ref=sr_pg_15,$149.99,4.4 out of 5 stars,
,https://www.amazon.com/s?k=ipad&page=16&crid=1ZY02724OXD57&qid=1758462674&sprefix=ipad%2Caps%2C432&xpid=XMHlTO4ge5Qxp&ref=sr_pg_15,$347.00,5.0 out of 5 stars,
,https://www.amazon.com/s?k=ipad&page=16&crid=1ZY02724OXD57&qid=1758462674&sprefix=ipad%2Caps%2C432&xpid=XMHlTO4ge5Qxp&ref=sr_pg_15,$49.99,4.5 out of 5 stars,
,https://www.amazon.com/s?k=ipad&page=16&crid=1ZY02724OXD57&qid=1758462674&sprefix=ipad%2Caps%2C432&xpid=XMHlTO4ge5Qxp&ref=sr_pg_15,$24.99,4.5 out of 5 stars,
,https://www.amazon.com/s?k=ipad&page=16&crid=1ZY02724OXD57&qid=1758462674&sprefix=ipad%2Caps%2C432&xpid=XMHlTO4ge5Qxp&ref=sr_pg_15,$35.99,4.5 out of 5 stars,
,https://www.amazon.com/s?k=ipad&page=16&crid=1ZY02724OXD57&qid=1758462674&sprefix=ipad%2Caps%2C432&xpid=XMHlTO4ge5Qxp&ref=sr_pg_15,$29.99,4.5 out of 5 stars,
,https://www.amazon.com/s?k=ipad&page=16&crid=1ZY02724OXD57&qid=1758462674&sprefix=ipad%2Caps%2C432&xpid=XMHlTO4ge5Qxp&ref=sr_pg_15,$21.99,4.7 out of 5 stars,
,https://www.amazon.com/s?k=ipad&page=16&crid=1ZY02724OXD57&qid=1758462674&sprefix=ipad%2Caps%2C432&xpid=XMHlTO4ge5Qxp&ref=sr_pg_15,$59.99,4.2 out of 5 stars,
,https://www.amazon.com/s?k=ipad&page=16&crid=1ZY02724OXD57&qid=1758462674&sprefix=ipad%2Caps%2C432&xpid=XMHlTO4ge5Qxp&ref=sr_pg_15,$33.99,4.4 out of 5 stars,
,https://www.amazon.com/s?k=ipad&page=16&crid=1ZY02724OXD57&qid=1758462674&sprefix=ipad%2Caps%2C432&xpid=XMHlTO4ge5Qxp&ref=sr_pg_15,$53.77,4.1 out of 5 stars,
,https://www.amazon.com/s?k=ipad&page=16&crid=1ZY02724OXD57&qid=1758462674&sprefix=ipad%2Caps%2C432&xpid=XMHlTO4ge5Qxp&ref=sr_pg_15,$9.99,4.6 out of 5 stars,
,https://www.amazon.com/s?k=ipad&page=16&crid=1ZY02724OXD57&qid=1758462674&sprefix=ipad%2Caps%2C432&xpid=XMHlTO4ge5Qxp&ref=sr_pg_15,$554.83,4.1 out of 5 stars,
,https://www.amazon.com/s?k=ipad&page=16&crid=1ZY02724OXD57&qid=1758462674&sprefix=ipad%2Caps%2C432&xpid=XMHlTO4ge5Qxp&ref=sr_pg_15,$696.47,,
,https://www.amazon.com/s?k=ipad&page=16&crid=1ZY02724OXD57&qid=1758462674&sprefix=ipad%2Caps%2C432&xpid=XMHlTO4ge5Qxp&ref=sr_pg_15,$199.49,4.6 out of 5 stars,
,https://www.amazon.com/s?k=ipad&page=16&crid=1ZY02724OXD57&qid=1758462674&sprefix=ipad%2Caps%2C432&xpid=XMHlTO4ge5Qxp&ref=sr_pg_15,$119.99,4.6 out of 5 stars,
,https://www.amazon.com/s?k=ipad&page=17&crid=1ZY02724OXD57&qid=1758462685&sprefix=ipad%2Caps%2C432&xpid=XMHlTO4ge5Qxp&ref=sr_pg_16,$39.99,4.4 out of 5 stars,
,https://www.amazon.com/s?k=ipad&page=17&crid=1ZY02724OXD57&qid=1758462685&sprefix=ipad%2Caps%2C432&xpid=XMHlTO4ge5Qxp&ref=sr_pg_16,$13.99,4.5 out of 5 stars,
,https://www.amazon.com/s?k=ipad&page=17&crid=1ZY02724OXD57&qid=1758462685&sprefix=ipad%2Caps%2C432&xpid=XMHlTO4ge5Qxp&ref=sr_pg_16,$102.99,4.4 out of 5 stars,
,https://www.amazon.com/s?k=ipad&page=17&crid=1ZY02724OXD57&qid=1758462685&sprefix=ipad%2Caps%2C432&xpid=XMHlTO4ge5Qxp&ref=sr_pg_16,$109.99,4.3 out of 5 stars,
,https://www.amazon.com/s?k=ipad&page=17&crid=1ZY02724OXD57&qid=1758462685&sprefix=ipad%2Caps%2C432&xpid=XMHlTO4ge5Qxp&ref=sr_pg_16,$219.00,4.6 out of 5 stars,
,https://www.amazon.com/s?k=ipad&page=17&crid=1ZY02724OXD57&qid=1758462685&sprefix=ipad%2Caps%2C432&xpid=XMHlTO4ge5Qxp&ref=sr_pg_16,$17.99,4.4 out of 5 stars,
,https://www.amazon.com/s?k=ipad&page=17&crid=1ZY02724OXD57&qid=1758462685&sprefix=ipad%2Caps%2C432&xpid=XMHlTO4ge5Qxp&ref=sr_pg_16,$30.99,4.5 out of 5 stars,
,https://www.amazon.com/s?k=ipad&page=17&crid=1ZY02724OXD57&qid=1758462685&sprefix=ipad%2Caps%2C432&xpid=XMHlTO4ge5Qxp&ref=sr_pg_16,$62.95,4.6 out of 5 stars,
,https://www.amazon.com/s?k=ipad&page=17&crid=1ZY02724OXD57&qid=1758462685&sprefix=ipad%2Caps%2C432&xpid=XMHlTO4ge5Qxp&ref=sr_pg_16,$125.68,5.0 out of 5 stars,
,https://www.amazon.com/s?k=ipad&page=17&crid=1ZY02724OXD57&qid=1758462685&sprefix=ipad%2Caps%2C432&xpid=XMHlTO4ge5Qxp&ref=sr_pg_16,$72.99,4.4 out of 5 stars,
,https://www.amazon.com/s?k=ipad&page=17&crid=1ZY02724OXD57&qid=1758462685&sprefix=ipad%2Caps%2C432&xpid=XMHlTO4ge5Qxp&ref=sr_pg_16,,4.0 out of 5 stars,
,https://www.amazon.com/s?k=ipad&page=17&crid=1ZY02724OXD57&qid=1758462685&sprefix=ipad%2Caps%2C432&xpid=XMHlTO4ge5Qxp&ref=sr_pg_16,$134.75,4.5 out of 5 stars,
,https://www.amazon.com/s?k=ipad&page=17&crid=1ZY02724OXD57&qid=1758462685&sprefix=ipad%2Caps%2C432&xpid=XMHlTO4ge5Qxp&ref=sr_pg_16,$14.99,4.8 out of 5 stars,
,https://www.amazon.com/s?k=ipad&page=17&crid=1ZY02724OXD57&qid=1758462685&sprefix=ipad%2Caps%2C432&xpid=XMHlTO4ge5Qxp&ref=sr_pg_16,$179.00,3.3 out of 5 stars,
,https://www.amazon.com/s?k=ipad&page=17&crid=1ZY02724OXD57&qid=1758462685&sprefix=ipad%2Caps%2C432&xpid=XMHlTO4ge5Qxp&ref=sr_pg_16,$29.99,4.6 out of 5 stars,
,https://www.amazon.com/s?k=ipad&page=17&crid=1ZY02724OXD57&qid=1758462685&sprefix=ipad%2Caps%2C432&xpid=XMHlTO4ge5Qxp&ref=sr_pg_16,$185.00,4.3 out of 5 stars,
,https://www.amazon.com/s?k=ipad&page=18&crid=1ZY02724OXD57&qid=1758462690&sprefix=ipad%2Caps%2C432&xpid=XMHlTO4ge5Qxp&ref=sr_pg_17,$185.00,4.3 out of 5 stars,
,https://www.amazon.com/s?k=ipad&page=18&crid=1ZY02724OXD57&qid=1758462690&sprefix=ipad%2Caps%2C432&xpid=XMHlTO4ge5Qxp&ref=sr_pg_17,$619.95,4.9 out of 5 stars,
,https://www.amazon.com/s?k=ipad&page=18&crid=1ZY02724OXD57&qid=1758462690&sprefix=ipad%2Caps%2C432&xpid=XMHlTO4ge5Qxp&ref=sr_pg_17,$107.99,4.2 out of 5 stars,
,https://www.amazon.com/s?k=ipad&page=18&crid=1ZY02724OXD57&qid=1758462690&sprefix=ipad%2Caps%2C432&xpid=XMHlTO4ge5Qxp&ref=sr_pg_17,$49.99,4.8 out of 5 stars,
,https://www.amazon.com/s?k=ipad&page=18&crid=1ZY02724OXD57&qid=1758462690&sprefix=ipad%2Caps%2C432&xpid=XMHlTO4ge5Qxp&ref=sr_pg_17,$149.99,4.4 out of 5 stars,
,https://www.amazon.com/s?k=ipad&page=18&crid=1ZY02724OXD57&qid=1758462690&sprefix=ipad%2Caps%2C432&xpid=XMHlTO4ge5Qxp&ref=sr_pg_17,$579.83,3.0 out of 5 stars,
,https://www.amazon.com/s?k=ipad&page=18&crid=1ZY02724OXD57&qid=1758462690&sprefix=ipad%2Caps%2C432&xpid=XMHlTO4ge5Qxp&ref=sr_pg_17,$119.98,4.5 out of 5 stars,
,https://www.amazon.com/s?k=ipad&page=18&crid=1ZY02724OXD57&qid=1758462690&sprefix=ipad%2Caps%2C432&xpid=XMHlTO4ge5Qxp&ref=sr_pg_17,$129.99,4.2 out of 5 stars,
,https://www.amazon.com/s?k=ipad&page=18&crid=1ZY02724OXD57&qid=1758462690&sprefix=ipad%2Caps%2C432&xpid=XMHlTO4ge5Qxp&ref=sr_pg_17,$429.18,4.4 out of 5 stars,
,https://www.amazon.com/s?k=ipad&page=18&crid=1ZY02724OXD57&qid=1758462690&sprefix=ipad%2Caps%2C432&xpid=XMHlTO4ge5Qxp&ref=sr_pg_17,$125.00,4.1 out of 5 stars,
,https://www.amazon.com/s?k=ipad&page=18&crid=1ZY02724OXD57&qid=1758462690&sprefix=ipad%2Caps%2C432&xpid=XMHlTO4ge5Qxp&ref=sr_pg_17,$89.99,4.3 out of 5 stars,
,https://www.amazon.com/s?k=ipad&page=18&crid=1ZY02724OXD57&qid=1758462690&sprefix=ipad%2Caps%2C432&xpid=XMHlTO4ge5Qxp&ref=sr_pg_17,$149.99,4.2 out of 5 stars,
,https://www.amazon.com/s?k=ipad&page=18&crid=1ZY02724OXD57&qid=1758462690&sprefix=ipad%2Caps%2C432&xpid=XMHlTO4ge5Qxp&ref=sr_pg_17,$87.00,4.2 out of 5 stars,
,https://www.amazon.com/s?k=ipad&page=18&crid=1ZY02724OXD57&qid=1758462690&sprefix=ipad%2Caps%2C432&xpid=XMHlTO4ge5Qxp&ref=sr_pg_17,$479.00,4.5 out of 5 stars,
,https://www.amazon.com/s?k=ipad&page=18&crid=1ZY02724OXD57&qid=1758462690&sprefix=ipad%2Caps%2C432&xpid=XMHlTO4ge5Qxp&ref=sr_pg_17,$109.99,5.0 out of 5 stars,
,https://www.amazon.com/s?k=ipad&page=18&crid=1ZY02724OXD57&qid=1758462690&sprefix=ipad%2Caps%2C432&xpid=XMHlTO4ge5Qxp&ref=sr_pg_17,,5.0 out of 5 stars,
,https://www.amazon.com/s?k=ipad&page=19&crid=1ZY02724OXD57&qid=1758462694&sprefix=ipad%2Caps%2C432&xpid=XMHlTO4ge5Qxp&ref=sr_pg_18,$139.99,4.6 out of 5 stars,
,https://www.amazon.com/s?k=ipad&page=19&crid=1ZY02724OXD57&qid=1758462694&sprefix=ipad%2Caps%2C432&xpid=XMHlTO4ge5Qxp&ref=sr_pg_18,$109.99,4.2 out of 5 stars,
,https://www.amazon.com/s?k=ipad&page=19&crid=1ZY02724OXD57&qid=1758462694&sprefix=ipad%2Caps%2C432&xpid=XMHlTO4ge5Qxp&ref=sr_pg_18,$87.95,4.4 out of 5 stars,
,https://www.amazon.com/s?k=ipad&page=19&crid=1ZY02724OXD57&qid=1758462694&sprefix=ipad%2Caps%2C432&xpid=XMHlTO4ge5Qxp&ref=sr_pg_18,$79.99,4.5 out of 5 stars,
,https://www.amazon.com/s?k=ipad&page=19&crid=1ZY02724OXD57&qid=1758462694&sprefix=ipad%2Caps%2C432&xpid=XMHlTO4ge5Qxp&ref=sr_pg_18,$149.99,4.4 out of 5 stars,
,https://www.amazon.com/s?k=ipad&page=19&crid=1ZY02724OXD57&qid=1758462694&sprefix=ipad%2Caps%2C432&xpid=XMHlTO4ge5Qxp&ref=sr_pg_18,$89.99,4.6 out of 5 stars,
,https://www.amazon.com/s?k=ipad&page=19&crid=1ZY02724OXD57&qid=1758462694&sprefix=ipad%2Caps%2C432&xpid=XMHlTO4ge5Qxp&ref=sr_pg_18,$79.99,4.4 out of 5 stars,
,https://www.amazon.com/s?k=ipad&page=19&crid=1ZY02724OXD57&qid=1758462694&sprefix=ipad%2Caps%2C432&xpid=XMHlTO4ge5Qxp&ref=sr_pg_18,$32.99,4.4 out of 5 stars,
,https://www.amazon.com/s?k=ipad&page=19&crid=1ZY02724OXD57&qid=1758462694&sprefix=ipad%2Caps%2C432&xpid=XMHlTO4ge5Qxp&ref=sr_pg_18,$83.72,4.1 out of 5 stars,
,https://www.amazon.com/s?k=ipad&page=19&crid=1ZY02724OXD57&qid=1758462694&sprefix=ipad%2Caps%2C432&xpid=XMHlTO4ge5Qxp&ref=sr_pg_18,$79.00,4.5 out of 5 stars,
,https://www.amazon.com/s?k=ipad&page=19&crid=1ZY02724OXD57&qid=1758462694&sprefix=ipad%2Caps%2C432&xpid=XMHlTO4ge5Qxp&ref=sr_pg_18,$549.99,4.5 out of 5 stars,
,https://www.amazon.com/s?k=ipad&page=19&crid=1ZY02724OXD57&qid=1758462694&sprefix=ipad%2Caps%2C432&xpid=XMHlTO4ge5Qxp&ref=sr_pg_18,$77.39,4.3 out of 5 stars,
,https://www.amazon.com/s?k=ipad&page=19&crid=1ZY02724OXD57&qid=1758462694&sprefix=ipad%2Caps%2C432&xpid=XMHlTO4ge5Qxp&ref=sr_pg_18,$99.99,4.2 out of 5 stars,
,https://www.amazon.com/s?k=ipad&page=19&crid=1ZY02724OXD57&qid=1758462694&sprefix=ipad%2Caps%2C432&xpid=XMHlTO4ge5Qxp&ref=sr_pg_18,$139.99,4.7 out of 5 stars,
,https://www.amazon.com/s?k=ipad&page=19&crid=1ZY02724OXD57&qid=1758462694&sprefix=ipad%2Caps%2C432&xpid=XMHlTO4ge5Qxp&ref=sr_pg_18,$519.00,4.1 out of 5 stars,
,https://www.amazon.com/s?k=ipad&page=19&crid=1ZY02724OXD57&qid=1758462694&sprefix=ipad%2Caps%2C432&xpid=XMHlTO4ge5Qxp&ref=sr_pg_18,$379.99,4.8 out of 5 stars,
,https://www.amazon.com/s?k=ipad&page=20&crid=1ZY02724OXD57&qid=1758462699&sprefix=ipad%2Caps%2C432&xpid=XMHlTO4ge5Qxp&ref=sr_pg_19,$624.87,,
,https://www.amazon.com/s?k=ipad&page=20&crid=1ZY02724OXD57&qid=1758462699&sprefix=ipad%2Caps%2C432&xpid=XMHlTO4ge5Qxp&ref=sr_pg_19,$49.99,4.6 out of 5 stars,
